S_creation,net_id,topo_rand_basal,I_realised,net_type,dyn_degree_high,dyn_rand_basal,C_creation,t_val,I_creation,topo_rand_consumer,C_realised,topo_bm_low,S_realised,dyn_bm_low,topo_degree_high,C_target,dyn_rand_consumer
52,1,0.42307692307692313,3,down_power,0.012195121951219513,0.011904761904761906,0.10022189349112426,5000,76,0.25961538461538464,0.11242603550295859,0.5,13,0.012195121951219513,0.2403846153846154,0.1001073140058574,0.012195121951219513
52,1,0.18102134146341464,0,metaweb,0.23076923076923078,0.15384615384615385,0.17492603550295857,5000,18,0.5,0.16775728732897086,0.5,41,0.21153846153846154,0.45121951219512196,0.1001073140058574,0.21153846153846154
52,1,0.17958656330749354,0,niche,0.10897435897435898,0.14615384615384616,0.09800295857988166,5000,0,0.36046511627906974,0.09248242293131423,0.4069767441860465,43,0.19230769230769232,0.36627906976744184,0.1001073140058574,0.09615384615384616
52,1,0.375,3,down_rand,0.013513513513513514,0.01282051282051282,0.10022189349112426,5000,92,0.3541666666666667,0.1171875,0.5,16,0.013513513513513514,0.2,0.1001073140058574,0.013513513513513514
52,1,0.4807692307692308,2,down_link,0.0125,0.011904761904761906,0.10022189349112426,5000,104,0.32211538461538464,0.13609467455621302,0.4743589743589744,13,0.012195121951219513,0.21794871794871795,0.1001073140058574,0.0125
52,1,0.16372549019607843,23,down_niche,0.21153846153846154,0.15384615384615385,0.10022189349112426,5000,38,0.48333333333333334,0.11160493827160493,0.47777777777777775,45,0.25,0.45555555555555555,0.1001073140058574,0.23076923076923078
52,1,0.17132867132867133,7,atn,0.23076923076923078,0.12179487179487179,0.11945266272189349,5000,7,0.4318181818181818,0.1337809917355372,0.41735537190082644,44,0.25,0.4090909090909091,0.1001073140058574,0.15384615384615385
52,2,0.4019607843137255,3,down_power,0.013157894736842106,0.01282051282051282,0.14312130177514792,5000,44,0.39705882352941174,0.12802768166089964,0.4411764705882353,17,0.013157894736842106,0.20588235294117646,0.14323007539942748,0.013157894736842106
52,2,0.19954954954954957,0,metaweb,0.21153846153846154,0.15384615384615385,0.17492603550295857,5000,10,0.5,0.16946676406135866,0.5,37,0.23076923076923078,0.5,0.14323007539942748,0.23076923076923078
52,2,0.19148936170212766,0,niche,0.34615384615384615,0.125,0.14238165680473372,5000,0,0.48404255319148937,0.15799004074241738,0.28297872340425534,47,0.3076923076923077,0.4574468085106383,0.14323007539942748,0.3076923076923077
52,2,0.5,0,down_rand,0.01282051282051282,0.0125,0.14312130177514792,5000,54,0.373015873015873,0.15816326530612246,0.5,14,0.01282051282051282,0.22448979591836735,0.14323007539942748,0.01282051282051282
52,2,0.4807692307692308,1,down_link,0.0125,0.012195121951219513,0.14312130177514792,5000,55,0.2451923076923077,0.14201183431952663,0.5,13,0.012195121951219513,0.16826923076923078,0.14323007539942748,0.012195121951219513
52,2,0.19954954954954957,2,down_niche,0.21153846153846154,0.15384615384615385,0.14312130177514792,5000,42,0.5,0.16143170197224252,0.5,37,0.21153846153846154,0.5,0.14323007539942748,0.21153846153846154
52,2,0.17720364741641337,9,atn,0.23076923076923078,0.07211538461538462,0.1242603550295858,5000,9,0.4574468085106383,0.13807152557718425,0.4920212765957447,47,0.21153846153846154,0.42021276595744683,0.14323007539942748,0.17307692307692307
52,3,0.5,0,down_power,0.011904761904761906,0.011904761904761906,0.1312869822485207,5000,52,0.21022727272727273,0.14049586776859505,0.5,11,0.012195121951219513,0.13636363636363635,0.13130019845909038,0.012195121951219513
52,3,0.19954954954954957,0,metaweb,0.21153846153846154,0.15384615384615385,0.17492603550295857,5000,18,0.5,0.16946676406135866,0.5,37,0.21153846153846154,0.5,0.13130019845909038,0.21153846153846154
52,3,0.17857142857142858,0,niche,0.013157894736842106,0.01282051282051282,0.1301775147928994,5000,0,0.4166666666666667,0.13194444444444445,0.1111111111111111,12,0.013157894736842106,0.45833333333333337,0.13130019845909038,0.01282051282051282
52,3,0.5,1,down_rand,0.012195121951219513,0.011904761904761906,0.1312869822485207,5000,71,0.16666666666666666,0.125,0.5,12,0.011904761904761906,0.16666666666666666,0.13130019845909038,0.012195121951219513
52,3,0.45833333333333337,0,down_link,0.012195121951219513,0.011627906976744186,0.1312869822485207,5000,72,0.1111111111111111,0.09027777777777778,0.36666666666666664,12,0.012195121951219513,0.08333333333333333,0.13130019845909038,0.012195121951219513
52,3,0.1989748369058714,5,down_niche,0.21153846153846154,0.15384615384615385,0.1312869822485207,5000,57,0.5,0.1570489408327246,0.5,37,0.21153846153846154,0.5,0.13130019845909038,0.21153846153846154
52,3,0.17619047619047618,15,atn,0.40384615384615385,0.11538461538461539,0.13313609467455623,5000,7,0.5,0.1440972222222222,0.4791666666666667,48,0.38461538461538464,0.42708333333333337,0.13130019845909038,0.33653846153846156
52,4,0.4807692307692308,1,down_power,0.0125,0.011904761904761906,0.14164201183431951,5000,51,0.23626373626373628,0.11834319526627218,0.5,13,0.0125,0.15934065934065936,0.14180790789232411,0.0125
52,4,0.19473684210526315,0,metaweb,0.23076923076923078,0.15384615384615385,0.17492603550295857,5000,6,0.5,0.17520775623268697,0.5,38,0.21153846153846154,0.5,0.14180790789232411,0.21153846153846154
52,4,0.2142857142857143,0,niche,0.08653846153846154,0.019230769230769232,0.14644970414201183,5000,0,0.4928571428571428,0.13142857142857142,0.3489795918367347,35,0.07692307692307693,0.3971428571428572,0.14180790789232411,0.11538461538461539
52,4,0.5,1,down_rand,0.0125,0.011904761904761906,0.14164201183431951,5000,51,0.25,0.13194444444444445,0.5,12,0.0125,0.16666666666666666,0.14180790789232411,0.012195121951219513
52,4,0.5,0,down_link,0.012195121951219513,0.011904761904761906,0.14164201183431951,5000,55,0.1893939393939394,0.15702479338842976,0.40909090909090906,11,0.012195121951219513,0.1893939393939394,0.14180790789232411,0.012195121951219513
52,4,0.184375,1,down_niche,0.21153846153846154,0.15384615384615385,0.14164201183431951,5000,36,0.5,0.15625,0.5,40,0.21153846153846154,0.425,0.14180790789232411,0.21153846153846154
52,4,0.16842105263157894,8,atn,0.15384615384615385,0.14423076923076922,0.12721893491124261,5000,8,0.5,0.1376,0.48,50,0.4230769230769231,0.42,0.14180790789232411,0.36538461538461536
52,5,0.4154411764705882,6,down_power,0.01388888888888889,0.0125,0.13609467455621302,5000,52,0.4191176470588235,0.12802768166089964,0.45588235294117646,17,0.01388888888888889,0.25,0.13626000028505375,0.01388888888888889
52,5,0.19954954954954957,0,metaweb,0.21153846153846154,0.15384615384615385,0.17492603550295857,5000,14,0.5,0.16946676406135866,0.5,37,0.21153846153846154,0.5,0.13626000028505375,0.21153846153846154
52,5,0.2948717948717949,0,niche,0.013513513513513514,0.012195121951219513,0.1390532544378698,5000,0,0.2948717948717949,0.10059171597633136,0.21153846153846156,13,0.013157894736842106,0.17307692307692307,0.13626000028505375,0.013513513513513514
52,5,0.5,0,down_rand,0.011904761904761906,0.011627906976744186,0.13609467455621302,5000,66,0.11931818181818182,0.11570247933884298,0.3181818181818182,11,0.011904761904761906,0.11931818181818182,0.13626000028505375,0.011904761904761906
52,5,0.5,1,down_link,0.01282051282051282,0.0125,0.13609467455621302,5000,71,0.14743589743589744,0.1301775147928994,0.4134615384615385,13,0.01282051282051282,0.14615384615384616,0.13626000028505375,0.01282051282051282
52,5,0.19954954954954957,2,down_niche,0.21153846153846154,0.15384615384615385,0.13609467455621302,5000,57,0.5,0.1585098612125639,0.5,37,0.21153846153846154,0.5,0.13626000028505375,0.23076923076923078
52,5,0.23,0,atn,0.09615384615384616,0.018518518518518517,0.1231508875739645,5000,0,0.4375,0.1669921875,0.4375,32,0.057692307692307696,0.375,0.13626000028505375,0.057692307692307696
52,6,0.5,1,down_power,0.0125,0.012195121951219513,0.14792899408284024,5000,37,0.2619047619047619,0.1527777777777778,0.5,12,0.0125,0.19047619047619047,0.14799467777940925,0.0125
52,6,0.19954954954954957,0,metaweb,0.23076923076923078,0.15384615384615385,0.17492603550295857,5000,10,0.5,0.16946676406135866,0.5,37,0.21153846153846154,0.5,0.14799467777940925,0.23076923076923078
52,6,0.16666666666666669,0,niche,0.014705882352941176,0.013157894736842106,0.14755917159763313,5000,0,0.5,0.18685121107266436,0.5,17,0.014705882352941176,0.4803921568627451,0.14799467777940925,0.014285714285714287
52,6,0.19932432432432434,17,down_rand,0.0125,0.012195121951219513,0.14792899408284024,5000,44,0.5,0.1329437545653762,0.5,37,0.01282051282051282,0.41891891891891897,0.14799467777940925,0.01282051282051282
52,6,0.4453125,3,down_link,0.013157894736842106,0.011363636363636366,0.14792899408284024,5000,40,0.4375,0.17578125,0.5,16,0.013157894736842106,0.296875,0.14799467777940925,0.013157894736842106
52,6,0.19954954954954957,0,down_niche,0.23076923076923078,0.15384615384615385,0.14792899408284024,5000,46,0.5,0.16946676406135866,0.5,37,0.21153846153846154,0.5,0.14799467777940925,0.21153846153846154
52,6,0.20529411764705882,7,atn,0.36538461538461536,0.1346153846153846,0.1290680473372781,5000,10,0.5,0.1396,0.5,50,0.1858974358974359,0.44,0.14799467777940925,0.40384615384615385
52,7,0.3526315789473684,6,down_power,0.014285714285714287,0.014285714285714287,0.11501479289940829,5000,70,0.39473684210526316,0.11911357340720222,0.40789473684210525,19,0.014285714285714287,0.35526315789473684,0.11499834172667936,0.013513513513513514
52,7,0.19954954954954957,0,metaweb,0.21153846153846154,0.15384615384615385,0.17492603550295857,5000,14,0.5,0.16946676406135866,0.5,37,0.23076923076923078,0.5,0.11499834172667936,0.21153846153846154
52,7,0.2529411764705882,0,niche,0.09615384615384616,0.038461538461538464,0.10761834319526627,5000,0,0.47058823529411764,0.12802768166089964,0.4215686274509804,34,0.038461538461538464,0.39705882352941174,0.11499834172667936,0.038461538461538464
52,7,0.3888888888888889,3,down_rand,0.0125,0.011904761904761906,0.11501479289940829,5000,96,0.4722222222222222,0.17901234567901234,0.5,18,0.0125,0.3611111111111111,0.11499834172667936,0.0125
52,7,0.45,3,down_link,0.013157894736842106,0.01282051282051282,0.11501479289940829,5000,86,0.25,0.12,0.5,15,0.013157894736842106,0.16666666666666669,0.11499834172667936,0.013157894736842106
52,7,0.18387096774193548,7,down_niche,0.23076923076923078,0.15384615384615385,0.11501479289940829,5000,42,0.5,0.14375,0.5,40,0.23076923076923078,0.475,0.11499834172667936,0.23076923076923078
52,7,0.19387755102040816,10,atn,0.1346153846153846,0.13076923076923078,0.1264792899408284,5000,10,0.45918367346938777,0.13994169096209913,0.5,49,0.2692307692307692,0.4336734693877551,0.11499834172667936,0.40384615384615385
52,8,0.45,3,down_power,0.01282051282051282,0.0125,0.1294378698224852,5000,57,0.33749999999999997,0.14222222222222222,0.43333333333333335,15,0.01282051282051282,0.22777777777777777,0.12960733659319498,0.012195121951219513
52,8,0.19954954954954957,0,metaweb,0.23076923076923078,0.15384615384615385,0.17492603550295857,5000,10,0.5,0.16946676406135866,0.5,37,0.23076923076923078,0.5,0.12960733659319498,0.21153846153846154
52,8,0.12701612903225806,0,niche,0.07692307692307693,0.06730769230769232,0.11982248520710059,5000,0,0.31451612903225806,0.10197710718002082,0.3413978494623656,31,0.09615384615384616,0.25268817204301075,0.12960733659319498,0.07692307692307693
52,8,0.3950617283950617,5,down_rand,0.014285714285714287,0.01388888888888889,0.1294378698224852,5000,62,0.4074074074074074,0.1574074074074074,0.5,18,0.014285714285714287,0.3333333333333333,0.12960733659319498,0.014285714285714287
52,8,0.4642857142857143,1,down_link,0.013157894736842106,0.01282051282051282,0.1294378698224852,5000,69,0.30158730158730157,0.15816326530612246,0.5,14,0.013157894736842106,0.21428571428571427,0.12960733659319498,0.013157894736842106
52,8,0.19360902255639095,12,down_niche,0.21153846153846154,0.15384615384615385,0.1294378698224852,5000,59,0.5,0.14750692520775624,0.5,38,0.21153846153846154,0.5,0.12960733659319498,0.23076923076923078
52,8,0.1996080627099664,9,atn,0.3076923076923077,0.08791208791208792,0.1327662721893491,5000,9,0.4574468085106383,0.14576731552738795,0.5,47,0.3269230769230769,0.4148936170212766,0.12960733659319498,0.36538461538461536
52,9,0.47727272727272724,0,down_power,0.012195121951219513,0.011627906976744186,0.11094674556213018,5000,61,0.13636363636363635,0.11570247933884298,0.22727272727272727,11,0.012195121951219513,0.13636363636363635,0.11084729343872719,0.012195121951219513
52,9,0.19954954954954957,0,metaweb,0.21153846153846154,0.15384615384615385,0.17492603550295857,5000,14,0.5,0.16946676406135866,0.5,37,0.21153846153846154,0.5,0.11084729343872719,0.21153846153846154
52,9,0.20666666666666667,0,niche,0.4423076923076923,0.19230769230769232,0.10687869822485208,5000,0,0.46,0.1112,0.4,50,0.4423076923076923,0.4666666666666667,0.11084729343872719,0.4423076923076923
52,9,0.42857142857142855,3,down_rand,0.013157894736842106,0.0125,0.11094674556213018,5000,75,0.24285714285714285,0.10714285714285714,0.42857142857142855,14,0.013157894736842106,0.19642857142857142,0.11084729343872719,0.013157894736842106
52,9,0.39705882352941174,3,down_link,0.014285714285714287,0.013513513513513514,0.11094674556213018,5000,95,0.28431372549019607,0.12110726643598616,0.4411764705882353,17,0.014285714285714287,0.2426470588235294,0.11084729343872719,0.014285714285714287
52,9,0.17987804878048783,12,down_niche,0.09230769230769231,0.15384615384615385,0.11094674556213018,5000,54,0.5,0.132064247471743,0.5,41,0.23076923076923078,0.4451219512195122,0.11084729343872719,0.12307692307692308
52,9,0.17888888888888888,11,atn,0.21153846153846154,0.16346153846153846,0.13498520710059173,5000,11,0.44,0.146,0.5,50,0.4807692307692308,0.43,0.11084729343872719,0.4807692307692308
52,10,0.40625,5,down_power,0.01388888888888889,0.013157894736842106,0.1320266272189349,5000,59,0.4375,0.140625,0.4375,16,0.01388888888888889,0.275,0.1321045177223332,0.01388888888888889
52,10,0.17366841710427608,0,metaweb,0.23076923076923078,0.15384615384615385,0.17492603550295857,5000,18,0.5,0.16495402920497565,0.5,43,0.21153846153846154,0.4767441860465116,0.1321045177223332,0.23076923076923078
52,10,0.22727272727272727,0,niche,0.01612903225806452,0.014285714285714287,0.125,5000,0,0.45454545454545453,0.128099173553719,0.5,22,0.01612903225806452,0.2954545454545454,0.1321045177223332,0.01612903225806452
52,10,0.3357142857142857,7,down_rand,0.015151515151515152,0.013157894736842106,0.1320266272189349,5000,68,0.5,0.1746031746031746,0.5,21,0.015151515151515152,0.3988095238095238,0.1321045177223332,0.015151515151515152
52,10,0.34325396825396826,8,down_link,0.01282051282051282,0.011904761904761906,0.1320266272189349,5000,70,0.48412698412698413,0.15873015873015872,0.5,21,0.01282051282051282,0.3571428571428571,0.1321045177223332,0.01282051282051282
52,10,0.17977970102281668,7,down_niche,0.23076923076923078,0.15384615384615385,0.1320266272189349,5000,54,0.5,0.14693634741225461,0.5,41,0.23076923076923078,0.4268292682926829,0.1321045177223332,0.23076923076923078
52,10,0.20993589743589744,10,atn,0.4423076923076923,0.11111111111111112,0.1283284023668639,5000,10,0.4583333333333333,0.14453125,0.5,48,0.38461538461538464,0.4166666666666667,0.1321045177223332,0.4423076923076923
52,11,0.45454545454545453,3,down_power,0.016666666666666666,0.016666666666666666,0.08616863905325443,5000,86,0.2954545454545454,0.11363636363636363,0.45454545454545453,22,0.017241379310344827,0.25,0.0862667527763562,0.017241379310344827
52,11,0.19954954954954957,0,metaweb,0.21153846153846154,0.15384615384615385,0.17492603550295857,5000,18,0.5,0.16946676406135866,0.5,37,0.21153846153846154,0.5,0.0862667527763562,0.21153846153846154
52,11,0.15,0,niche,0.24358974358974358,0.15384615384615385,0.08616863905325443,5000,0,0.425,0.10375,0.325,40,0.08974358974358974,0.4375,0.0862667527763562,0.21153846153846154
52,11,0.38095238095238093,4,down_rand,0.0125,0.012195121951219513,0.08616863905325443,5000,94,0.26785714285714285,0.11224489795918367,0.4523809523809524,14,0.0125,0.23214285714285712,0.0862667527763562,0.0125
52,11,0.42857142857142855,0,down_link,0.01282051282051282,0.011904761904761906,0.08616863905325443,5000,84,0.25,0.08673469387755102,0.4642857142857143,14,0.01282051282051282,0.23809523809523808,0.0862667527763562,0.01282051282051282
52,11,0.19200779727095516,16,down_niche,0.06410256410256411,0.15384615384615385,0.08616863905325443,5000,42,0.5,0.11149584487534626,0.5,38,0.15384615384615385,0.5,0.0862667527763562,0.10897435897435898
52,11,0.19841269841269843,10,atn,0.4423076923076923,0.10256410256410257,0.1305473372781065,5000,10,0.5,0.1407746772178259,0.5,49,0.4230769230769231,0.4387755102040816,0.0862667527763562,0.4423076923076923
52,12,0.5,1,down_power,0.0125,0.012195121951219513,0.12980769230769232,5000,64,0.25,0.09027777777777778,0.19444444444444445,12,0.0125,0.125,0.12996342635689911,0.0125
52,12,0.19954954954954957,0,metaweb,0.23076923076923078,0.15384615384615385,0.17492603550295857,5000,10,0.5,0.16946676406135866,0.5,37,0.21153846153846154,0.5,0.12996342635689911,0.23076923076923078
52,12,0.21428571428571427,0,niche,0.02403846153846154,0.018518518518518517,0.1283284023668639,5000,0,0.42857142857142855,0.13392857142857142,0.2857142857142857,28,0.019230769230769232,0.35714285714285715,0.12996342635689911,0.018518518518518517
52,12,0.5,0,down_rand,0.012195121951219513,0.011904761904761906,0.12980769230769232,5000,57,0.2708333333333333,0.11805555555555555,0.5,12,0.011904761904761906,0.10416666666666666,0.12996342635689911,0.012195121951219513
52,12,0.4166666666666667,5,down_link,0.01282051282051282,0.011904761904761906,0.12980769230769232,5000,72,0.4166666666666667,0.1484375,0.5,16,0.01282051282051282,0.25,0.12996342635689911,0.01282051282051282
52,12,0.1976976976976977,8,down_niche,0.23076923076923078,0.15384615384615385,0.12980769230769232,5000,60,0.5,0.14243973703433163,0.5,37,0.21153846153846154,0.5,0.12996342635689911,0.21153846153846154
52,12,0.16183574879227053,0,atn,0.07211538461538462,0.125,0.11316568047337278,5000,7,0.4782608695652174,0.1280718336483932,0.5,46,0.07692307692307693,0.41304347826086957,0.12996342635689911,0.25384615384615383
52,13,0.38235294117647056,2,down_power,0.013513513513513514,0.011904761904761906,0.13979289940828402,5000,49,0.45588235294117646,0.1384083044982699,0.39705882352941174,17,0.013513513513513514,0.2867647058823529,0.13970042001268398,0.013513513513513514
52,13,0.19954954954954957,0,metaweb,0.21153846153846154,0.15384615384615385,0.17492603550295857,5000,10,0.5,0.16946676406135866,0.5,37,0.23076923076923078,0.5,0.13970042001268398,0.21153846153846154
52,13,0.1956521739130435,0,niche,0.2692307692307692,0.1346153846153846,0.14312130177514792,5000,0,0.45652173913043476,0.14555765595463138,0.32608695652173914,46,0.21153846153846154,0.391304347826087,0.13970042001268398,0.23076923076923078
52,13,0.5,1,down_rand,0.01282051282051282,0.0125,0.13979289940828402,5000,57,0.2692307692307693,0.13609467455621302,0.5,13,0.01282051282051282,0.16826923076923078,0.13970042001268398,0.0125
52,13,0.4375,5,down_link,0.01282051282051282,0.01282051282051282,0.13979289940828402,5000,55,0.375,0.1796875,0.46875,16,0.01282051282051282,0.359375,0.13970042001268398,0.013513513513513514
52,13,0.18484848484848485,0,down_niche,0.23076923076923078,0.15384615384615385,0.13979289940828402,5000,52,0.5,0.15375,0.5,40,0.21153846153846154,0.425,0.13970042001268398,0.21153846153846154
52,13,0.20553359683794467,8,atn,0.3076923076923077,0.1346153846153846,0.1309171597633136,5000,8,0.5,0.15134297520661158,0.42045454545454547,44,0.21794871794871795,0.4318181818181818,0.13970042001268398,0.22115384615384615
52,14,0.5,0,down_power,0.011904761904761906,0.011627906976744186,0.14201183431952663,5000,54,0.2012987012987013,0.10743801652892562,0.3181818181818182,11,0.011904761904761906,0.1103896103896104,0.1419576258361332,0.011904761904761906
52,14,0.18170731707317075,0,metaweb,0.21153846153846154,0.15384615384615385,0.17492603550295857,5000,10,0.5,0.1618084473527662,0.5,41,0.21153846153846154,0.5,0.1419576258361332,0.21153846153846154
52,14,0.2,0,niche,0.2692307692307692,0.11057692307692309,0.13535502958579881,5000,0,0.45,0.154375,0.3875,40,0.19230769230769232,0.4,0.1419576258361332,0.2692307692307692
52,14,0.4375,1,down_rand,0.013513513513513514,0.013513513513513514,0.14201183431952663,5000,49,0.4166666666666667,0.171875,0.5,16,0.013513513513513514,0.296875,0.1419576258361332,0.013513513513513514
52,14,0.5,1,down_link,0.0125,0.011627906976744186,0.14201183431952663,5000,54,0.2619047619047619,0.14583333333333334,0.4375,12,0.0125,0.17857142857142858,0.1419576258361332,0.0125
52,14,0.19954954954954957,2,down_niche,0.21153846153846154,0.15384615384615385,0.14201183431952663,5000,43,0.5,0.15339663988312638,0.5,37,0.21153846153846154,0.5,0.1419576258361332,0.21153846153846154
52,14,0.17517006802721088,8,atn,0.20384615384615384,0.09615384615384616,0.12130177514792899,5000,8,0.4523809523809524,0.13718820861678005,0.5,42,0.2692307692307692,0.40476190476190477,0.1419576258361332,0.19230769230769232
52,15,0.35,5,down_power,0.015625,0.015151515151515152,0.12167159763313609,5000,64,0.375,0.1325,0.5,20,0.015151515151515152,0.3125,0.1216123238842326,0.0125
52,15,0.19954954954954957,0,metaweb,0.23076923076923078,0.15384615384615385,0.17492603550295857,5000,6,0.5,0.16946676406135866,0.5,37,0.21153846153846154,0.5,0.1216123238842326,0.21153846153846154
52,15,0.21212121212121213,0,niche,0.057692307692307696,0.038461538461538464,0.12093195266272189,5000,0,0.40909090909090906,0.11386593204775022,0.2803030303030303,33,0.038461538461538464,0.3787878787878788,0.1216123238842326,0.04807692307692308
52,15,0.38333333333333336,2,down_rand,0.013157894736842106,0.013157894736842106,0.12167159763313609,5000,81,0.35333333333333333,0.13333333333333333,0.48333333333333334,15,0.013157894736842106,0.2583333333333333,0.1216123238842326,0.013157894736842106
52,15,0.3950617283950617,5,down_link,0.014285714285714287,0.01388888888888889,0.12167159763313609,5000,83,0.3333333333333333,0.15432098765432098,0.4444444444444444,18,0.014285714285714287,0.3333333333333333,0.1216123238842326,0.014285714285714287
52,15,0.19835907335907338,5,down_niche,0.21153846153846154,0.15384615384615385,0.12167159763313609,5000,48,0.5,0.15412710007304603,0.5,37,0.21153846153846154,0.5,0.1216123238842326,0.21153846153846154
52,15,0.19446672012830793,8,atn,0.3269230769230769,0.17307692307692307,0.12093195266272189,5000,8,0.4534883720930233,0.1460248783126014,0.5,43,0.3269230769230769,0.4244186046511628,0.1216123238842326,0.3076923076923077
52,16,0.42857142857142855,2,down_power,0.0125,0.011904761904761906,0.14571005917159763,5000,40,0.35714285714285715,0.15306122448979592,0.5,14,0.0125,0.22448979591836735,0.1456334349989094,0.012195121951219513
52,16,0.19954954954954957,0,metaweb,0.21153846153846154,0.15384615384615385,0.17492603550295857,5000,10,0.5,0.16946676406135866,0.5,37,0.21153846153846154,0.5,0.1456334349989094,0.23076923076923078
52,16,0.2,0,niche,0.017241379310344827,0.014705882352941176,0.15421597633136094,5000,0,0.45999999999999996,0.1232,0.45999999999999996,25,0.017241379310344827,0.45999999999999996,0.1456334349989094,0.01785714285714286
52,16,0.5,0,down_rand,0.012195121951219513,0.011904761904761906,0.14571005917159763,5000,46,0.2777777777777778,0.11805555555555555,0.5,12,0.012195121951219513,0.10416666666666666,0.1456334349989094,0.012195121951219513
52,16,0.5,1,down_link,0.012195121951219513,0.011904761904761906,0.14571005917159763,5000,50,0.2619047619047619,0.1388888888888889,0.5,12,0.012195121951219513,0.19047619047619047,0.1456334349989094,0.012195121951219513
52,16,0.1989748369058714,1,down_niche,0.23076923076923078,0.15384615384615385,0.14571005917159763,5000,50,0.5,0.1643535427319211,0.5,37,0.21153846153846154,0.5,0.1456334349989094,0.21153846153846154
52,16,0.19428571428571428,0,atn,0.23076923076923078,0.12692307692307692,0.13165680473372782,5000,12,0.5,0.1424,0.5,50,0.40865384615384615,0.43,0.1456334349989094,0.4230769230769231
52,17,0.5,1,down_power,0.012195121951219513,0.011904761904761906,0.128698224852071,5000,56,0.25,0.125,0.5,12,0.012195121951219513,0.18055555555555555,0.12851973047924042,0.012195121951219513
52,17,0.19954954954954957,0,metaweb,0.21153846153846154,0.15384615384615385,0.17492603550295857,5000,10,0.5,0.16946676406135866,0.5,37,0.21153846153846154,0.5,0.12851973047924042,0.23076923076923078
52,17,0.22727272727272727,0,niche,0.19230769230769232,0.07692307692307693,0.11575443786982248,5000,0,0.4696969696969697,0.12861570247933884,0.4772727272727273,44,0.15384615384615385,0.3522727272727273,0.12851973047924042,0.25
52,17,0.5,0,down_rand,0.012195121951219513,0.011904761904761906,0.128698224852071,5000,62,0.21022727272727273,0.14049586776859505,0.5,11,0.012195121951219513,0.1590909090909091,0.12851973047924042,0.011904761904761906
52,17,0.4807692307692308,1,down_link,0.0125,0.011904761904761906,0.128698224852071,5000,73,0.2692307692307693,0.1301775147928994,0.5,13,0.0125,0.17307692307692307,0.12851973047924042,0.012195121951219513
52,17,0.1989748369058714,6,down_niche,0.21153846153846154,0.15384615384615385,0.128698224852071,5000,42,0.5,0.1555880204528853,0.5,37,0.23076923076923078,0.5,0.12851973047924042,0.21153846153846154
52,17,0.1955128205128205,10,atn,0.34615384615384615,0.06730769230769232,0.1305473372781065,5000,10,0.46875,0.1401909722222222,0.5,48,0.2692307692307692,0.4166666666666667,0.12851973047924042,0.36538461538461536
52,18,0.3577586206896552,12,down_power,0.06730769230769232,0.019230769230769232,0.0639792899408284,5000,51,0.35344827586206895,0.08561236623067776,0.45689655172413796,29,0.057692307692307696,0.27011494252873564,0.0514002864058683,0.057692307692307696
52,18,0.17741935483870966,0,metaweb,0.21153846153846154,0.15384615384615385,0.17492603550295857,5000,10,0.5,0.15873015873015872,0.5,42,0.21153846153846154,0.47619047619047616,0.0514002864058683,0.23076923076923078
52,18,0.3055555555555556,0,niche,0.4423076923076923,0.3269230769230769,0.04659763313609468,5000,0,0.38235294117647056,0.04767397154940407,0.4019607843137255,51,0.4230769230769231,0.2777777777777778,0.0514002864058683,0.36538461538461536
52,18,0.35526315789473684,7,down_rand,0.014285714285714287,0.013157894736842106,0.0639792899408284,5000,95,0.32456140350877194,0.08033240997229917,0.4473684210526315,19,0.014285714285714287,0.2763157894736842,0.0514002864058683,0.014705882352941176
52,18,0.2777777777777778,1,down_link,0.014285714285714287,0.013513513513513514,0.0639792899408284,5000,90,0.3888888888888889,0.07716049382716049,0.3888888888888889,18,0.014705882352941176,0.2777777777777778,0.0514002864058683,0.014705882352941176
52,18,0.23399014778325122,17,down_niche,0.01612903225806452,0.014285714285714287,0.0639792899408284,5000,26,0.5,0.10107015457788347,0.4655172413793104,29,0.01612903225806452,0.4655172413793104,0.0514002864058683,0.01388888888888889
52,18,0.18518518518518517,7,atn,0.2980769230769231,0.15384615384615385,0.1275887573964497,5000,9,0.5,0.140625,0.5,48,0.19230769230769232,0.42708333333333337,0.0514002864058683,0.40384615384615385
52,19,0.44230769230769235,1,down_power,0.0125,0.012195121951219513,0.13942307692307693,5000,41,0.24725274725274726,0.1242603550295858,0.44230769230769235,13,0.0125,0.16025641025641027,0.13930241624341672,0.0125
52,19,0.19954954954954957,0,metaweb,0.21153846153846154,0.15384615384615385,0.17492603550295857,5000,18,0.5,0.16946676406135866,0.5,37,0.21153846153846154,0.5,0.13930241624341672,0.23076923076923078
52,19,0.19047619047619047,0,niche,0.21153846153846154,0.08516483516483517,0.13868343195266272,5000,0,0.5,0.15702947845804988,0.35714285714285715,42,0.28846153846153844,0.4642857142857143,0.13930241624341672,0.25
52,19,0.5,0,down_rand,0.012195121951219513,0.011904761904761906,0.13942307692307693,5000,51,0.21717171717171718,0.14049586776859505,0.47727272727272724,11,0.012195121951219513,0.12626262626262627,0.13930241624341672,0.012195121951219513
52,19,0.18020833333333333,22,down_link,0.01282051282051282,0.0125,0.13942307692307693,5000,63,0.5,0.1275,0.5,40,0.01282051282051282,0.425,0.13930241624341672,0.01282051282051282
52,19,0.19954954954954957,0,down_niche,0.23076923076923078,0.15384615384615385,0.13942307692307693,5000,56,0.5,0.15631848064280496,0.5,37,0.21153846153846154,0.47972972972972977,0.13930241624341672,0.23076923076923078
52,19,0.20857142857142857,12,atn,0.3076923076923077,0.17032967032967034,0.13794378698224852,5000,8,0.5,0.1492,0.5,50,0.4807692307692308,0.42,0.13930241624341672,0.23076923076923078
52,20,0.43333333333333335,2,down_power,0.013157894736842106,0.012195121951219513,0.1320266272189349,5000,58,0.3666666666666667,0.14666666666666667,0.5,15,0.0125,0.225,0.13190465183358202,0.013513513513513514
52,20,0.19954954954954957,0,metaweb,0.23076923076923078,0.15384615384615385,0.17492603550295857,5000,10,0.5,0.16946676406135866,0.5,37,0.21153846153846154,0.5,0.13190465183358202,0.23076923076923078
52,20,0.2178030303030303,0,niche,0.16826923076923078,0.11057692307692309,0.1364644970414201,5000,0,0.45454545454545453,0.15960743801652894,0.3977272727272727,44,0.3076923076923077,0.4181818181818182,0.13190465183358202,0.3076923076923077
52,20,0.3134057971014493,9,down_rand,0.01388888888888889,0.013513513513513514,0.1320266272189349,5000,60,0.4565217391304348,0.15311909262759923,0.5,23,0.014285714285714287,0.40942028985507245,0.13190465183358202,0.014285714285714287
52,20,0.37037037037037035,4,down_link,0.013513513513513514,0.01388888888888889,0.1320266272189349,5000,72,0.37037037037037035,0.1388888888888889,0.5,18,0.014285714285714287,0.24074074074074073,0.13190465183358202,0.014285714285714287
52,20,0.193859649122807,1,down_niche,0.23076923076923078,0.15384615384615385,0.1320266272189349,5000,49,0.5,0.16066481994459833,0.5,38,0.21153846153846154,0.47368421052631576,0.13190465183358202,0.21153846153846154
52,20,0.192,12,atn,0.3626373626373626,0.10576923076923078,0.1305473372781065,5000,12,0.5,0.1412,0.5,50,0.4326923076923077,0.44,0.13190465183358202,0.46153846153846156
